api,generation_seed,has_b2,has_b3,same_prompt_hash,b2_event_id,b3_event_id,evidence_label
torch.amax,3407,True,True,True,B2:trdgl_pytorch_120_v1|torch.amax|3407,B3:trdgl_pytorch_120_v1|torch.amax|3407,diagnostic_checkpoint
torch.amax,7711,True,True,True,B2:trdgl_pytorch_120_v1|torch.amax|7711,B3:trdgl_pytorch_120_v1|torch.amax|7711,diagnostic_checkpoint
torch.amin,3407,True,True,True,B2:trdgl_pytorch_120_v1|torch.amin|3407,B3:trdgl_pytorch_120_v1|torch.amin|3407,diagnostic_checkpoint
torch.amin,7711,True,True,True,B2:trdgl_pytorch_120_v1|torch.amin|7711,B3:trdgl_pytorch_120_v1|torch.amin|7711,diagnostic_checkpoint
torch.arange,3407,True,True,True,B2:trdgl_pytorch_120_v1|torch.arange|3407,B3:trdgl_pytorch_120_v1|torch.arange|3407,diagnostic_checkpoint
torch.arange,7711,True,True,True,B2:trdgl_pytorch_120_v1|torch.arange|7711,B3:trdgl_pytorch_120_v1|torch.arange|7711,diagnostic_checkpoint
torch.argmax,3407,True,True,True,B2:trdgl_pytorch_120_v1|torch.argmax|3407,B3:trdgl_pytorch_120_v1|torch.argmax|3407,diagnostic_checkpoint
torch.argmax,7711,True,True,True,B2:trdgl_pytorch_120_v1|torch.argmax|7711,B3:trdgl_pytorch_120_v1|torch.argmax|7711,diagnostic_checkpoint
torch.argmin,3407,True,True,True,B2:trdgl_pytorch_120_v1|torch.argmin|3407,B3:trdgl_pytorch_120_v1|torch.argmin|3407,diagnostic_checkpoint
torch.argmin,7711,True,True,True,B2:trdgl_pytorch_120_v1|torch.argmin|7711,B3:trdgl_pytorch_120_v1|torch.argmin|7711,diagnostic_checkpoint
torch.as_tensor,3407,True,True,True,B2:trdgl_pytorch_120_v1|torch.as_tensor|3407,B3:trdgl_pytorch_120_v1|torch.as_tensor|3407,diagnostic_checkpoint
torch.as_tensor,7711,True,True,True,B2:trdgl_pytorch_120_v1|torch.as_tensor|7711,B3:trdgl_pytorch_120_v1|torch.as_tensor|7711,diagnostic_checkpoint
torch.autograd.functional.jacobian,3407,True,True,True,B2:trdgl_pytorch_120_v1|torch.autograd.functional.jacobian|3407,B3:trdgl_pytorch_120_v1|torch.autograd.functional.jacobian|3407,diagnostic_checkpoint
torch.autograd.functional.jacobian,7711,True,True,True,B2:trdgl_pytorch_120_v1|torch.autograd.functional.jacobian|7711,B3:trdgl_pytorch_120_v1|torch.autograd.functional.jacobian|7711,diagnostic_checkpoint
torch.autograd.grad,3407,True,True,True,B2:trdgl_pytorch_120_v1|torch.autograd.grad|3407,B3:trdgl_pytorch_120_v1|torch.autograd.grad|3407,diagnostic_checkpoint
torch.autograd.grad,7711,True,True,True,B2:trdgl_pytorch_120_v1|torch.autograd.grad|7711,B3:trdgl_pytorch_120_v1|torch.autograd.grad|7711,diagnostic_checkpoint
torch.bmm,3407,True,True,True,B2:trdgl_pytorch_120_v1|torch.bmm|3407,B3:trdgl_pytorch_120_v1|torch.bmm|3407,diagnostic_checkpoint
torch.bmm,7711,True,True,True,B2:trdgl_pytorch_120_v1|torch.bmm|7711,B3:trdgl_pytorch_120_v1|torch.bmm|7711,diagnostic_checkpoint
torch.cat,3407,True,True,True,B2:trdgl_pytorch_120_v1|torch.cat|3407,B3:trdgl_pytorch_120_v1|torch.cat|3407,diagnostic_checkpoint
torch.cat,7711,True,True,True,B2:trdgl_pytorch_120_v1|torch.cat|7711,B3:trdgl_pytorch_120_v1|torch.cat|7711,diagnostic_checkpoint
torch.chunk,3407,True,True,True,B2:trdgl_pytorch_120_v1|torch.chunk|3407,B3:trdgl_pytorch_120_v1|torch.chunk|3407,diagnostic_checkpoint
torch.chunk,7711,True,True,True,B2:trdgl_pytorch_120_v1|torch.chunk|7711,B3:trdgl_pytorch_120_v1|torch.chunk|7711,diagnostic_checkpoint
torch.compile,3407,True,True,True,B2:trdgl_pytorch_120_v1|torch.compile|3407,B3:trdgl_pytorch_120_v1|torch.compile|3407,diagnostic_checkpoint
torch.compile,7711,True,True,True,B2:trdgl_pytorch_120_v1|torch.compile|7711,B3:trdgl_pytorch_120_v1|torch.compile|7711,diagnostic_checkpoint
torch.dot,3407,True,True,True,B2:trdgl_pytorch_120_v1|torch.dot|3407,B3:trdgl_pytorch_120_v1|torch.dot|3407,diagnostic_checkpoint
torch.dot,7711,True,True,True,B2:trdgl_pytorch_120_v1|torch.dot|7711,B3:trdgl_pytorch_120_v1|torch.dot|7711,diagnostic_checkpoint
torch.einsum,3407,True,True,True,B2:trdgl_pytorch_120_v1|torch.einsum|3407,B3:trdgl_pytorch_120_v1|torch.einsum|3407,diagnostic_checkpoint
torch.einsum,7711,True,True,True,B2:trdgl_pytorch_120_v1|torch.einsum|7711,B3:trdgl_pytorch_120_v1|torch.einsum|7711,diagnostic_checkpoint
torch.empty,3407,True,True,True,B2:trdgl_pytorch_120_v1|torch.empty|3407,B3:trdgl_pytorch_120_v1|torch.empty|3407,diagnostic_checkpoint
torch.empty,7711,True,True,True,B2:trdgl_pytorch_120_v1|torch.empty|7711,B3:trdgl_pytorch_120_v1|torch.empty|7711,diagnostic_checkpoint
torch.export.export,3407,True,True,True,B2:trdgl_pytorch_120_v1|torch.export.export|3407,B3:trdgl_pytorch_120_v1|torch.export.export|3407,diagnostic_checkpoint
torch.export.export,7711,True,True,True,B2:trdgl_pytorch_120_v1|torch.export.export|7711,B3:trdgl_pytorch_120_v1|torch.export.export|7711,diagnostic_checkpoint
torch.eye,3407,True,True,True,B2:trdgl_pytorch_120_v1|torch.eye|3407,B3:trdgl_pytorch_120_v1|torch.eye|3407,diagnostic_checkpoint
torch.eye,7711,True,True,True,B2:trdgl_pytorch_120_v1|torch.eye|7711,B3:trdgl_pytorch_120_v1|torch.eye|7711,diagnostic_checkpoint
torch.fft.fft,3407,True,True,True,B2:trdgl_pytorch_120_v1|torch.fft.fft|3407,B3:trdgl_pytorch_120_v1|torch.fft.fft|3407,diagnostic_checkpoint
torch.fft.fft,7711,True,True,True,B2:trdgl_pytorch_120_v1|torch.fft.fft|7711,B3:trdgl_pytorch_120_v1|torch.fft.fft|7711,diagnostic_checkpoint
torch.fft.fft2,3407,True,True,True,B2:trdgl_pytorch_120_v1|torch.fft.fft2|3407,B3:trdgl_pytorch_120_v1|torch.fft.fft2|3407,diagnostic_checkpoint
torch.fft.fft2,7711,True,True,True,B2:trdgl_pytorch_120_v1|torch.fft.fft2|7711,B3:trdgl_pytorch_120_v1|torch.fft.fft2|7711,diagnostic_checkpoint
torch.fft.fftn,3407,True,True,True,B2:trdgl_pytorch_120_v1|torch.fft.fftn|3407,B3:trdgl_pytorch_120_v1|torch.fft.fftn|3407,diagnostic_checkpoint
torch.fft.fftn,7711,True,True,True,B2:trdgl_pytorch_120_v1|torch.fft.fftn|7711,B3:trdgl_pytorch_120_v1|torch.fft.fftn|7711,diagnostic_checkpoint
torch.fft.hfft,3407,True,True,True,B2:trdgl_pytorch_120_v1|torch.fft.hfft|3407,B3:trdgl_pytorch_120_v1|torch.fft.hfft|3407,diagnostic_checkpoint
torch.fft.hfft,7711,True,True,True,B2:trdgl_pytorch_120_v1|torch.fft.hfft|7711,B3:trdgl_pytorch_120_v1|torch.fft.hfft|7711,diagnostic_checkpoint
torch.fft.ifft,3407,True,True,True,B2:trdgl_pytorch_120_v1|torch.fft.ifft|3407,B3:trdgl_pytorch_120_v1|torch.fft.ifft|3407,diagnostic_checkpoint
torch.fft.ifft,7711,True,True,True,B2:trdgl_pytorch_120_v1|torch.fft.ifft|7711,B3:trdgl_pytorch_120_v1|torch.fft.ifft|7711,diagnostic_checkpoint
torch.fft.ifft2,3407,True,True,True,B2:trdgl_pytorch_120_v1|torch.fft.ifft2|3407,B3:trdgl_pytorch_120_v1|torch.fft.ifft2|3407,diagnostic_checkpoint
torch.fft.ifft2,7711,True,True,True,B2:trdgl_pytorch_120_v1|torch.fft.ifft2|7711,B3:trdgl_pytorch_120_v1|torch.fft.ifft2|7711,diagnostic_checkpoint
torch.fft.ifftn,3407,True,True,True,B2:trdgl_pytorch_120_v1|torch.fft.ifftn|3407,B3:trdgl_pytorch_120_v1|torch.fft.ifftn|3407,diagnostic_checkpoint
torch.fft.ifftn,7711,True,True,True,B2:trdgl_pytorch_120_v1|torch.fft.ifftn|7711,B3:trdgl_pytorch_120_v1|torch.fft.ifftn|7711,diagnostic_checkpoint
torch.fft.ihfft,3407,True,True,True,B2:trdgl_pytorch_120_v1|torch.fft.ihfft|3407,B3:trdgl_pytorch_120_v1|torch.fft.ihfft|3407,diagnostic_checkpoint
torch.fft.ihfft,7711,True,True,True,B2:trdgl_pytorch_120_v1|torch.fft.ihfft|7711,B3:trdgl_pytorch_120_v1|torch.fft.ihfft|7711,diagnostic_checkpoint
torch.fft.irfft,3407,True,True,True,B2:trdgl_pytorch_120_v1|torch.fft.irfft|3407,B3:trdgl_pytorch_120_v1|torch.fft.irfft|3407,diagnostic_checkpoint
torch.fft.irfft,7711,True,True,True,B2:trdgl_pytorch_120_v1|torch.fft.irfft|7711,B3:trdgl_pytorch_120_v1|torch.fft.irfft|7711,diagnostic_checkpoint
torch.fft.irfft2,3407,True,True,True,B2:trdgl_pytorch_120_v1|torch.fft.irfft2|3407,B3:trdgl_pytorch_120_v1|torch.fft.irfft2|3407,diagnostic_checkpoint
torch.fft.irfft2,7711,True,True,True,B2:trdgl_pytorch_120_v1|torch.fft.irfft2|7711,B3:trdgl_pytorch_120_v1|torch.fft.irfft2|7711,diagnostic_checkpoint
torch.fft.rfft,3407,True,True,True,B2:trdgl_pytorch_120_v1|torch.fft.rfft|3407,B3:trdgl_pytorch_120_v1|torch.fft.rfft|3407,diagnostic_checkpoint
torch.fft.rfft,7711,True,True,True,B2:trdgl_pytorch_120_v1|torch.fft.rfft|7711,B3:trdgl_pytorch_120_v1|torch.fft.rfft|7711,diagnostic_checkpoint
torch.fft.rfft2,3407,True,True,True,B2:trdgl_pytorch_120_v1|torch.fft.rfft2|3407,B3:trdgl_pytorch_120_v1|torch.fft.rfft2|3407,diagnostic_checkpoint
torch.fft.rfft2,7711,True,True,True,B2:trdgl_pytorch_120_v1|torch.fft.rfft2|7711,B3:trdgl_pytorch_120_v1|torch.fft.rfft2|7711,diagnostic_checkpoint
torch.flatten,3407,True,True,True,B2:trdgl_pytorch_120_v1|torch.flatten|3407,B3:trdgl_pytorch_120_v1|torch.flatten|3407,diagnostic_checkpoint
torch.flatten,7711,True,True,True,B2:trdgl_pytorch_120_v1|torch.flatten|7711,B3:trdgl_pytorch_120_v1|torch.flatten|7711,diagnostic_checkpoint
torch.from_numpy,3407,True,True,True,B2:trdgl_pytorch_120_v1|torch.from_numpy|3407,B3:trdgl_pytorch_120_v1|torch.from_numpy|3407,diagnostic_checkpoint
torch.from_numpy,7711,True,True,True,B2:trdgl_pytorch_120_v1|torch.from_numpy|7711,B3:trdgl_pytorch_120_v1|torch.from_numpy|7711,diagnostic_checkpoint
torch.full,3407,True,True,True,B2:trdgl_pytorch_120_v1|torch.full|3407,B3:trdgl_pytorch_120_v1|torch.full|3407,diagnostic_checkpoint
torch.full,7711,True,True,True,B2:trdgl_pytorch_120_v1|torch.full|7711,B3:trdgl_pytorch_120_v1|torch.full|7711,diagnostic_checkpoint
torch.func.grad,3407,True,True,True,B2:trdgl_pytorch_120_v1|torch.func.grad|3407,B3:trdgl_pytorch_120_v1|torch.func.grad|3407,diagnostic_checkpoint
torch.func.grad,7711,True,True,True,B2:trdgl_pytorch_120_v1|torch.func.grad|7711,B3:trdgl_pytorch_120_v1|torch.func.grad|7711,diagnostic_checkpoint
torch.func.grad_and_value,3407,True,True,True,B2:trdgl_pytorch_120_v1|torch.func.grad_and_value|3407,B3:trdgl_pytorch_120_v1|torch.func.grad_and_value|3407,diagnostic_checkpoint
torch.func.grad_and_value,7711,True,True,True,B2:trdgl_pytorch_120_v1|torch.func.grad_and_value|7711,B3:trdgl_pytorch_120_v1|torch.func.grad_and_value|7711,diagnostic_checkpoint
torch.func.hessian,3407,True,True,True,B2:trdgl_pytorch_120_v1|torch.func.hessian|3407,B3:trdgl_pytorch_120_v1|torch.func.hessian|3407,diagnostic_checkpoint
torch.func.hessian,7711,True,True,True,B2:trdgl_pytorch_120_v1|torch.func.hessian|7711,B3:trdgl_pytorch_120_v1|torch.func.hessian|7711,diagnostic_checkpoint
torch.func.jacfwd,3407,True,True,True,B2:trdgl_pytorch_120_v1|torch.func.jacfwd|3407,B3:trdgl_pytorch_120_v1|torch.func.jacfwd|3407,diagnostic_checkpoint
torch.func.jacfwd,7711,True,True,True,B2:trdgl_pytorch_120_v1|torch.func.jacfwd|7711,B3:trdgl_pytorch_120_v1|torch.func.jacfwd|7711,diagnostic_checkpoint
torch.func.jacrev,3407,True,True,True,B2:trdgl_pytorch_120_v1|torch.func.jacrev|3407,B3:trdgl_pytorch_120_v1|torch.func.jacrev|3407,diagnostic_checkpoint
torch.func.jacrev,7711,True,True,True,B2:trdgl_pytorch_120_v1|torch.func.jacrev|7711,B3:trdgl_pytorch_120_v1|torch.func.jacrev|7711,diagnostic_checkpoint
torch.func.jvp,3407,True,True,True,B2:trdgl_pytorch_120_v1|torch.func.jvp|3407,B3:trdgl_pytorch_120_v1|torch.func.jvp|3407,diagnostic_checkpoint
torch.func.jvp,7711,True,True,True,B2:trdgl_pytorch_120_v1|torch.func.jvp|7711,B3:trdgl_pytorch_120_v1|torch.func.jvp|7711,diagnostic_checkpoint
torch.func.vjp,3407,True,True,True,B2:trdgl_pytorch_120_v1|torch.func.vjp|3407,B3:trdgl_pytorch_120_v1|torch.func.vjp|3407,diagnostic_checkpoint
torch.func.vjp,7711,True,True,True,B2:trdgl_pytorch_120_v1|torch.func.vjp|7711,B3:trdgl_pytorch_120_v1|torch.func.vjp|7711,diagnostic_checkpoint
torch.func.vmap,3407,True,True,True,B2:trdgl_pytorch_120_v1|torch.func.vmap|3407,B3:trdgl_pytorch_120_v1|torch.func.vmap|3407,diagnostic_checkpoint
torch.func.vmap,7711,True,True,True,B2:trdgl_pytorch_120_v1|torch.func.vmap|7711,B3:trdgl_pytorch_120_v1|torch.func.vmap|7711,diagnostic_checkpoint
torch.gather,3407,True,True,True,B2:trdgl_pytorch_120_v1|torch.gather|3407,B3:trdgl_pytorch_120_v1|torch.gather|3407,diagnostic_checkpoint
torch.gather,7711,True,True,True,B2:trdgl_pytorch_120_v1|torch.gather|7711,B3:trdgl_pytorch_120_v1|torch.gather|7711,diagnostic_checkpoint
torch.index_add,3407,True,True,True,B2:trdgl_pytorch_120_v1|torch.index_add|3407,B3:trdgl_pytorch_120_v1|torch.index_add|3407,diagnostic_checkpoint
torch.index_add,7711,True,True,True,B2:trdgl_pytorch_120_v1|torch.index_add|7711,B3:trdgl_pytorch_120_v1|torch.index_add|7711,diagnostic_checkpoint
torch.index_put,3407,True,True,True,B2:trdgl_pytorch_120_v1|torch.index_put|3407,B3:trdgl_pytorch_120_v1|torch.index_put|3407,diagnostic_checkpoint
torch.index_put,7711,True,True,True,B2:trdgl_pytorch_120_v1|torch.index_put|7711,B3:trdgl_pytorch_120_v1|torch.index_put|7711,diagnostic_checkpoint
torch.index_select,3407,True,True,True,B2:trdgl_pytorch_120_v1|torch.index_select|3407,B3:trdgl_pytorch_120_v1|torch.index_select|3407,diagnostic_checkpoint
torch.index_select,7711,True,True,True,B2:trdgl_pytorch_120_v1|torch.index_select|7711,B3:trdgl_pytorch_120_v1|torch.index_select|7711,diagnostic_checkpoint
torch.linalg.eigvalsh,3407,True,True,True,B2:trdgl_pytorch_120_v1|torch.linalg.eigvalsh|3407,B3:trdgl_pytorch_120_v1|torch.linalg.eigvalsh|3407,diagnostic_checkpoint
torch.linalg.eigvalsh,7711,True,True,True,B2:trdgl_pytorch_120_v1|torch.linalg.eigvalsh|7711,B3:trdgl_pytorch_120_v1|torch.linalg.eigvalsh|7711,diagnostic_checkpoint
torch.linalg.inv,3407,True,True,True,B2:trdgl_pytorch_120_v1|torch.linalg.inv|3407,B3:trdgl_pytorch_120_v1|torch.linalg.inv|3407,diagnostic_checkpoint
torch.linalg.inv,7711,True,True,True,B2:trdgl_pytorch_120_v1|torch.linalg.inv|7711,B3:trdgl_pytorch_120_v1|torch.linalg.inv|7711,diagnostic_checkpoint
torch.linalg.qr,3407,True,True,True,B2:trdgl_pytorch_120_v1|torch.linalg.qr|3407,B3:trdgl_pytorch_120_v1|torch.linalg.qr|3407,diagnostic_checkpoint
torch.linalg.qr,7711,True,True,True,B2:trdgl_pytorch_120_v1|torch.linalg.qr|7711,B3:trdgl_pytorch_120_v1|torch.linalg.qr|7711,diagnostic_checkpoint
torch.linalg.solve,3407,True,True,True,B2:trdgl_pytorch_120_v1|torch.linalg.solve|3407,B3:trdgl_pytorch_120_v1|torch.linalg.solve|3407,diagnostic_checkpoint
torch.linalg.solve,7711,True,True,True,B2:trdgl_pytorch_120_v1|torch.linalg.solve|7711,B3:trdgl_pytorch_120_v1|torch.linalg.solve|7711,diagnostic_checkpoint
torch.linalg.svd,3407,True,True,True,B2:trdgl_pytorch_120_v1|torch.linalg.svd|3407,B3:trdgl_pytorch_120_v1|torch.linalg.svd|3407,diagnostic_checkpoint
torch.linalg.svd,7711,True,True,True,B2:trdgl_pytorch_120_v1|torch.linalg.svd|7711,B3:trdgl_pytorch_120_v1|torch.linalg.svd|7711,diagnostic_checkpoint
torch.linspace,3407,True,True,True,B2:trdgl_pytorch_120_v1|torch.linspace|3407,B3:trdgl_pytorch_120_v1|torch.linspace|3407,diagnostic_checkpoint
torch.linspace,7711,True,True,True,B2:trdgl_pytorch_120_v1|torch.linspace|7711,B3:trdgl_pytorch_120_v1|torch.linspace|7711,diagnostic_checkpoint
torch.logspace,3407,True,True,True,B2:trdgl_pytorch_120_v1|torch.logspace|3407,B3:trdgl_pytorch_120_v1|torch.logspace|3407,diagnostic_checkpoint
torch.logspace,7711,True,True,True,B2:trdgl_pytorch_120_v1|torch.logspace|7711,B3:trdgl_pytorch_120_v1|torch.logspace|7711,diagnostic_checkpoint
torch.logsumexp,3407,True,True,True,B2:trdgl_pytorch_120_v1|torch.logsumexp|3407,B3:trdgl_pytorch_120_v1|torch.logsumexp|3407,diagnostic_checkpoint
torch.logsumexp,7711,True,True,True,B2:trdgl_pytorch_120_v1|torch.logsumexp|7711,B3:trdgl_pytorch_120_v1|torch.logsumexp|7711,diagnostic_checkpoint
torch.masked_select,3407,True,True,True,B2:trdgl_pytorch_120_v1|torch.masked_select|3407,B3:trdgl_pytorch_120_v1|torch.masked_select|3407,diagnostic_checkpoint
torch.masked_select,7711,True,True,True,B2:trdgl_pytorch_120_v1|torch.masked_select|7711,B3:trdgl_pytorch_120_v1|torch.masked_select|7711,diagnostic_checkpoint
torch.matmul,3407,True,True,True,B2:trdgl_pytorch_120_v1|torch.matmul|3407,B3:trdgl_pytorch_120_v1|torch.matmul|3407,diagnostic_checkpoint
torch.matmul,7711,True,True,True,B2:trdgl_pytorch_120_v1|torch.matmul|7711,B3:trdgl_pytorch_120_v1|torch.matmul|7711,diagnostic_checkpoint
torch.mean,3407,True,True,True,B2:trdgl_pytorch_120_v1|torch.mean|3407,B3:trdgl_pytorch_120_v1|torch.mean|3407,diagnostic_checkpoint
torch.mean,7711,True,True,True,B2:trdgl_pytorch_120_v1|torch.mean|7711,B3:trdgl_pytorch_120_v1|torch.mean|7711,diagnostic_checkpoint
torch.median,3407,True,True,True,B2:trdgl_pytorch_120_v1|torch.median|3407,B3:trdgl_pytorch_120_v1|torch.median|3407,diagnostic_checkpoint
torch.median,7711,True,True,True,B2:trdgl_pytorch_120_v1|torch.median|7711,B3:trdgl_pytorch_120_v1|torch.median|7711,diagnostic_checkpoint
torch.mm,3407,True,True,True,B2:trdgl_pytorch_120_v1|torch.mm|3407,B3:trdgl_pytorch_120_v1|torch.mm|3407,diagnostic_checkpoint
torch.mm,7711,True,True,True,B2:trdgl_pytorch_120_v1|torch.mm|7711,B3:trdgl_pytorch_120_v1|torch.mm|7711,diagnostic_checkpoint
torch.mv,3407,True,True,True,B2:trdgl_pytorch_120_v1|torch.mv|3407,B3:trdgl_pytorch_120_v1|torch.mv|3407,diagnostic_checkpoint
torch.mv,7711,True,True,True,B2:trdgl_pytorch_120_v1|torch.mv|7711,B3:trdgl_pytorch_120_v1|torch.mv|7711,diagnostic_checkpoint
torch.nn.functional.avg_pool1d,3407,True,True,True,B2:trdgl_pytorch_120_v1|torch.nn.functional.avg_pool1d|3407,B3:trdgl_pytorch_120_v1|torch.nn.functional.avg_pool1d|3407,diagnostic_checkpoint
torch.nn.functional.avg_pool1d,7711,True,True,True,B2:trdgl_pytorch_120_v1|torch.nn.functional.avg_pool1d|7711,B3:trdgl_pytorch_120_v1|torch.nn.functional.avg_pool1d|7711,diagnostic_checkpoint
torch.nn.functional.avg_pool2d,3407,True,True,True,B2:trdgl_pytorch_120_v1|torch.nn.functional.avg_pool2d|3407,B3:trdgl_pytorch_120_v1|torch.nn.functional.avg_pool2d|3407,diagnostic_checkpoint
torch.nn.functional.avg_pool2d,7711,True,True,True,B2:trdgl_pytorch_120_v1|torch.nn.functional.avg_pool2d|7711,B3:trdgl_pytorch_120_v1|torch.nn.functional.avg_pool2d|7711,diagnostic_checkpoint
torch.nn.functional.avg_pool3d,3407,True,True,True,B2:trdgl_pytorch_120_v1|torch.nn.functional.avg_pool3d|3407,B3:trdgl_pytorch_120_v1|torch.nn.functional.avg_pool3d|3407,diagnostic_checkpoint
torch.nn.functional.avg_pool3d,7711,True,True,True,B2:trdgl_pytorch_120_v1|torch.nn.functional.avg_pool3d|7711,B3:trdgl_pytorch_120_v1|torch.nn.functional.avg_pool3d|7711,diagnostic_checkpoint
torch.nn.functional.batch_norm,3407,True,True,True,B2:trdgl_pytorch_120_v1|torch.nn.functional.batch_norm|3407,B3:trdgl_pytorch_120_v1|torch.nn.functional.batch_norm|3407,diagnostic_checkpoint
torch.nn.functional.batch_norm,7711,True,True,True,B2:trdgl_pytorch_120_v1|torch.nn.functional.batch_norm|7711,B3:trdgl_pytorch_120_v1|torch.nn.functional.batch_norm|7711,diagnostic_checkpoint
torch.nn.functional.binary_cross_entropy_with_logits,3407,True,True,True,B2:trdgl_pytorch_120_v1|torch.nn.functional.binary_cross_entropy_with_logits|3407,B3:trdgl_pytorch_120_v1|torch.nn.functional.binary_cross_entropy_with_logits|3407,diagnostic_checkpoint
torch.nn.functional.binary_cross_entropy_with_logits,7711,True,True,True,B2:trdgl_pytorch_120_v1|torch.nn.functional.binary_cross_entropy_with_logits|7711,B3:trdgl_pytorch_120_v1|torch.nn.functional.binary_cross_entropy_with_logits|7711,diagnostic_checkpoint
torch.nn.functional.conv1d,3407,True,True,True,B2:trdgl_pytorch_120_v1|torch.nn.functional.conv1d|3407,B3:trdgl_pytorch_120_v1|torch.nn.functional.conv1d|3407,diagnostic_checkpoint
torch.nn.functional.conv1d,7711,True,True,True,B2:trdgl_pytorch_120_v1|torch.nn.functional.conv1d|7711,B3:trdgl_pytorch_120_v1|torch.nn.functional.conv1d|7711,diagnostic_checkpoint
torch.nn.functional.conv2d,3407,True,True,True,B2:trdgl_pytorch_120_v1|torch.nn.functional.conv2d|3407,B3:trdgl_pytorch_120_v1|torch.nn.functional.conv2d|3407,diagnostic_checkpoint
torch.nn.functional.conv2d,7711,True,True,True,B2:trdgl_pytorch_120_v1|torch.nn.functional.conv2d|7711,B3:trdgl_pytorch_120_v1|torch.nn.functional.conv2d|7711,diagnostic_checkpoint
torch.nn.functional.conv3d,3407,True,True,True,B2:trdgl_pytorch_120_v1|torch.nn.functional.conv3d|3407,B3:trdgl_pytorch_120_v1|torch.nn.functional.conv3d|3407,diagnostic_checkpoint
torch.nn.functional.conv3d,7711,True,True,True,B2:trdgl_pytorch_120_v1|torch.nn.functional.conv3d|7711,B3:trdgl_pytorch_120_v1|torch.nn.functional.conv3d|7711,diagnostic_checkpoint
torch.nn.functional.conv_transpose1d,3407,True,True,True,B2:trdgl_pytorch_120_v1|torch.nn.functional.conv_transpose1d|3407,B3:trdgl_pytorch_120_v1|torch.nn.functional.conv_transpose1d|3407,diagnostic_checkpoint
torch.nn.functional.conv_transpose1d,7711,True,True,True,B2:trdgl_pytorch_120_v1|torch.nn.functional.conv_transpose1d|7711,B3:trdgl_pytorch_120_v1|torch.nn.functional.conv_transpose1d|7711,diagnostic_checkpoint
torch.nn.functional.conv_transpose2d,3407,True,True,True,B2:trdgl_pytorch_120_v1|torch.nn.functional.conv_transpose2d|3407,B3:trdgl_pytorch_120_v1|torch.nn.functional.conv_transpose2d|3407,diagnostic_checkpoint
torch.nn.functional.conv_transpose2d,7711,True,True,True,B2:trdgl_pytorch_120_v1|torch.nn.functional.conv_transpose2d|7711,B3:trdgl_pytorch_120_v1|torch.nn.functional.conv_transpose2d|7711,diagnostic_checkpoint
torch.nn.functional.conv_transpose3d,3407,True,True,True,B2:trdgl_pytorch_120_v1|torch.nn.functional.conv_transpose3d|3407,B3:trdgl_pytorch_120_v1|torch.nn.functional.conv_transpose3d|3407,diagnostic_checkpoint
torch.nn.functional.conv_transpose3d,7711,True,True,True,B2:trdgl_pytorch_120_v1|torch.nn.functional.conv_transpose3d|7711,B3:trdgl_pytorch_120_v1|torch.nn.functional.conv_transpose3d|7711,diagnostic_checkpoint
torch.nn.functional.cross_entropy,3407,True,True,True,B2:trdgl_pytorch_120_v1|torch.nn.functional.cross_entropy|3407,B3:trdgl_pytorch_120_v1|torch.nn.functional.cross_entropy|3407,diagnostic_checkpoint
torch.nn.functional.cross_entropy,7711,True,True,True,B2:trdgl_pytorch_120_v1|torch.nn.functional.cross_entropy|7711,B3:trdgl_pytorch_120_v1|torch.nn.functional.cross_entropy|7711,diagnostic_checkpoint
torch.nn.functional.embedding,3407,True,True,True,B2:trdgl_pytorch_120_v1|torch.nn.functional.embedding|3407,B3:trdgl_pytorch_120_v1|torch.nn.functional.embedding|3407,diagnostic_checkpoint
torch.nn.functional.embedding,7711,True,True,True,B2:trdgl_pytorch_120_v1|torch.nn.functional.embedding|7711,B3:trdgl_pytorch_120_v1|torch.nn.functional.embedding|7711,diagnostic_checkpoint
torch.nn.functional.gelu,3407,True,True,True,B2:trdgl_pytorch_120_v1|torch.nn.functional.gelu|3407,B3:trdgl_pytorch_120_v1|torch.nn.functional.gelu|3407,diagnostic_checkpoint
torch.nn.functional.gelu,7711,True,True,True,B2:trdgl_pytorch_120_v1|torch.nn.functional.gelu|7711,B3:trdgl_pytorch_120_v1|torch.nn.functional.gelu|7711,diagnostic_checkpoint
torch.nn.functional.group_norm,3407,True,True,True,B2:trdgl_pytorch_120_v1|torch.nn.functional.group_norm|3407,B3:trdgl_pytorch_120_v1|torch.nn.functional.group_norm|3407,diagnostic_checkpoint
torch.nn.functional.group_norm,7711,True,True,True,B2:trdgl_pytorch_120_v1|torch.nn.functional.group_norm|7711,B3:trdgl_pytorch_120_v1|torch.nn.functional.group_norm|7711,diagnostic_checkpoint
torch.nn.functional.layer_norm,3407,True,True,True,B2:trdgl_pytorch_120_v1|torch.nn.functional.layer_norm|3407,B3:trdgl_pytorch_120_v1|torch.nn.functional.layer_norm|3407,diagnostic_checkpoint
torch.nn.functional.layer_norm,7711,True,True,True,B2:trdgl_pytorch_120_v1|torch.nn.functional.layer_norm|7711,B3:trdgl_pytorch_120_v1|torch.nn.functional.layer_norm|7711,diagnostic_checkpoint
torch.nn.functional.log_softmax,3407,True,True,True,B2:trdgl_pytorch_120_v1|torch.nn.functional.log_softmax|3407,B3:trdgl_pytorch_120_v1|torch.nn.functional.log_softmax|3407,diagnostic_checkpoint
torch.nn.functional.log_softmax,7711,True,True,True,B2:trdgl_pytorch_120_v1|torch.nn.functional.log_softmax|7711,B3:trdgl_pytorch_120_v1|torch.nn.functional.log_softmax|7711,diagnostic_checkpoint
torch.nn.functional.max_pool1d,3407,True,True,True,B2:trdgl_pytorch_120_v1|torch.nn.functional.max_pool1d|3407,B3:trdgl_pytorch_120_v1|torch.nn.functional.max_pool1d|3407,diagnostic_checkpoint
torch.nn.functional.max_pool1d,7711,True,True,True,B2:trdgl_pytorch_120_v1|torch.nn.functional.max_pool1d|7711,B3:trdgl_pytorch_120_v1|torch.nn.functional.max_pool1d|7711,diagnostic_checkpoint
torch.nn.functional.max_pool2d,3407,True,True,True,B2:trdgl_pytorch_120_v1|torch.nn.functional.max_pool2d|3407,B3:trdgl_pytorch_120_v1|torch.nn.functional.max_pool2d|3407,diagnostic_checkpoint
torch.nn.functional.max_pool2d,7711,True,True,True,B2:trdgl_pytorch_120_v1|torch.nn.functional.max_pool2d|7711,B3:trdgl_pytorch_120_v1|torch.nn.functional.max_pool2d|7711,diagnostic_checkpoint
torch.nn.functional.max_pool3d,3407,True,True,True,B2:trdgl_pytorch_120_v1|torch.nn.functional.max_pool3d|3407,B3:trdgl_pytorch_120_v1|torch.nn.functional.max_pool3d|3407,diagnostic_checkpoint
torch.nn.functional.max_pool3d,7711,True,True,True,B2:trdgl_pytorch_120_v1|torch.nn.functional.max_pool3d|7711,B3:trdgl_pytorch_120_v1|torch.nn.functional.max_pool3d|7711,diagnostic_checkpoint
torch.nn.functional.mse_loss,3407,True,True,True,B2:trdgl_pytorch_120_v1|torch.nn.functional.mse_loss|3407,B3:trdgl_pytorch_120_v1|torch.nn.functional.mse_loss|3407,diagnostic_checkpoint
torch.nn.functional.mse_loss,7711,True,True,True,B2:trdgl_pytorch_120_v1|torch.nn.functional.mse_loss|7711,B3:trdgl_pytorch_120_v1|torch.nn.functional.mse_loss|7711,diagnostic_checkpoint
torch.nn.functional.normalize,3407,True,True,True,B2:trdgl_pytorch_120_v1|torch.nn.functional.normalize|3407,B3:trdgl_pytorch_120_v1|torch.nn.functional.normalize|3407,diagnostic_checkpoint
torch.nn.functional.normalize,7711,True,True,True,B2:trdgl_pytorch_120_v1|torch.nn.functional.normalize|7711,B3:trdgl_pytorch_120_v1|torch.nn.functional.normalize|7711,diagnostic_checkpoint
torch.nn.functional.relu,3407,True,True,True,B2:trdgl_pytorch_120_v1|torch.nn.functional.relu|3407,B3:trdgl_pytorch_120_v1|torch.nn.functional.relu|3407,diagnostic_checkpoint
torch.nn.functional.relu,7711,True,True,True,B2:trdgl_pytorch_120_v1|torch.nn.functional.relu|7711,B3:trdgl_pytorch_120_v1|torch.nn.functional.relu|7711,diagnostic_checkpoint
torch.nn.functional.silu,3407,True,True,True,B2:trdgl_pytorch_120_v1|torch.nn.functional.silu|3407,B3:trdgl_pytorch_120_v1|torch.nn.functional.silu|3407,diagnostic_checkpoint
torch.nn.functional.silu,7711,True,True,True,B2:trdgl_pytorch_120_v1|torch.nn.functional.silu|7711,B3:trdgl_pytorch_120_v1|torch.nn.functional.silu|7711,diagnostic_checkpoint
torch.nn.functional.softmax,3407,True,True,True,B2:trdgl_pytorch_120_v1|torch.nn.functional.softmax|3407,B3:trdgl_pytorch_120_v1|torch.nn.functional.softmax|3407,diagnostic_checkpoint
torch.nn.functional.softmax,7711,True,True,True,B2:trdgl_pytorch_120_v1|torch.nn.functional.softmax|7711,B3:trdgl_pytorch_120_v1|torch.nn.functional.softmax|7711,diagnostic_checkpoint
torch.nonzero,3407,True,True,True,B2:trdgl_pytorch_120_v1|torch.nonzero|3407,B3:trdgl_pytorch_120_v1|torch.nonzero|3407,diagnostic_checkpoint
torch.nonzero,7711,True,True,True,B2:trdgl_pytorch_120_v1|torch.nonzero|7711,B3:trdgl_pytorch_120_v1|torch.nonzero|7711,diagnostic_checkpoint
torch.ones,3407,True,True,True,B2:trdgl_pytorch_120_v1|torch.ones|3407,B3:trdgl_pytorch_120_v1|torch.ones|3407,diagnostic_checkpoint
torch.ones,7711,True,True,True,B2:trdgl_pytorch_120_v1|torch.ones|7711,B3:trdgl_pytorch_120_v1|torch.ones|7711,diagnostic_checkpoint
torch.outer,3407,True,True,True,B2:trdgl_pytorch_120_v1|torch.outer|3407,B3:trdgl_pytorch_120_v1|torch.outer|3407,diagnostic_checkpoint
torch.outer,7711,True,True,True,B2:trdgl_pytorch_120_v1|torch.outer|7711,B3:trdgl_pytorch_120_v1|torch.outer|7711,diagnostic_checkpoint
torch.permute,3407,True,True,True,B2:trdgl_pytorch_120_v1|torch.permute|3407,B3:trdgl_pytorch_120_v1|torch.permute|3407,diagnostic_checkpoint
torch.permute,7711,True,True,True,B2:trdgl_pytorch_120_v1|torch.permute|7711,B3:trdgl_pytorch_120_v1|torch.permute|7711,diagnostic_checkpoint
torch.prod,3407,True,True,True,B2:trdgl_pytorch_120_v1|torch.prod|3407,B3:trdgl_pytorch_120_v1|torch.prod|3407,diagnostic_checkpoint
torch.prod,7711,True,True,True,B2:trdgl_pytorch_120_v1|torch.prod|7711,B3:trdgl_pytorch_120_v1|torch.prod|7711,diagnostic_checkpoint
torch.quantile,3407,True,True,True,B2:trdgl_pytorch_120_v1|torch.quantile|3407,B3:trdgl_pytorch_120_v1|torch.quantile|3407,diagnostic_checkpoint
torch.quantile,7711,True,True,True,B2:trdgl_pytorch_120_v1|torch.quantile|7711,B3:trdgl_pytorch_120_v1|torch.quantile|7711,diagnostic_checkpoint
torch.randn,3407,True,True,True,B2:trdgl_pytorch_120_v1|torch.randn|3407,B3:trdgl_pytorch_120_v1|torch.randn|3407,diagnostic_checkpoint
torch.randn,7711,True,True,True,B2:trdgl_pytorch_120_v1|torch.randn|7711,B3:trdgl_pytorch_120_v1|torch.randn|7711,diagnostic_checkpoint
torch.repeat_interleave,3407,True,True,True,B2:trdgl_pytorch_120_v1|torch.repeat_interleave|3407,B3:trdgl_pytorch_120_v1|torch.repeat_interleave|3407,diagnostic_checkpoint
torch.repeat_interleave,7711,True,True,True,B2:trdgl_pytorch_120_v1|torch.repeat_interleave|7711,B3:trdgl_pytorch_120_v1|torch.repeat_interleave|7711,diagnostic_checkpoint
torch.reshape,3407,True,True,True,B2:trdgl_pytorch_120_v1|torch.reshape|3407,B3:trdgl_pytorch_120_v1|torch.reshape|3407,diagnostic_checkpoint
torch.reshape,7711,True,True,True,B2:trdgl_pytorch_120_v1|torch.reshape|7711,B3:trdgl_pytorch_120_v1|torch.reshape|7711,diagnostic_checkpoint
torch.scatter,3407,True,True,True,B2:trdgl_pytorch_120_v1|torch.scatter|3407,B3:trdgl_pytorch_120_v1|torch.scatter|3407,diagnostic_checkpoint
torch.scatter,7711,True,True,True,B2:trdgl_pytorch_120_v1|torch.scatter|7711,B3:trdgl_pytorch_120_v1|torch.scatter|7711,diagnostic_checkpoint
torch.scatter_add,3407,True,True,True,B2:trdgl_pytorch_120_v1|torch.scatter_add|3407,B3:trdgl_pytorch_120_v1|torch.scatter_add|3407,diagnostic_checkpoint
torch.scatter_add,7711,True,True,True,B2:trdgl_pytorch_120_v1|torch.scatter_add|7711,B3:trdgl_pytorch_120_v1|torch.scatter_add|7711,diagnostic_checkpoint
torch.sparse.addmm,3407,True,True,True,B2:trdgl_pytorch_120_v1|torch.sparse.addmm|3407,B3:trdgl_pytorch_120_v1|torch.sparse.addmm|3407,diagnostic_checkpoint
torch.sparse.addmm,7711,True,True,True,B2:trdgl_pytorch_120_v1|torch.sparse.addmm|7711,B3:trdgl_pytorch_120_v1|torch.sparse.addmm|7711,diagnostic_checkpoint
torch.sparse.log_softmax,3407,True,True,True,B2:trdgl_pytorch_120_v1|torch.sparse.log_softmax|3407,B3:trdgl_pytorch_120_v1|torch.sparse.log_softmax|3407,diagnostic_checkpoint
torch.sparse.log_softmax,7711,True,True,True,B2:trdgl_pytorch_120_v1|torch.sparse.log_softmax|7711,B3:trdgl_pytorch_120_v1|torch.sparse.log_softmax|7711,diagnostic_checkpoint
torch.sparse.mm,3407,True,True,True,B2:trdgl_pytorch_120_v1|torch.sparse.mm|3407,B3:trdgl_pytorch_120_v1|torch.sparse.mm|3407,diagnostic_checkpoint
torch.sparse.mm,7711,True,True,True,B2:trdgl_pytorch_120_v1|torch.sparse.mm|7711,B3:trdgl_pytorch_120_v1|torch.sparse.mm|7711,diagnostic_checkpoint
torch.sparse.sampled_addmm,3407,True,True,True,B2:trdgl_pytorch_120_v1|torch.sparse.sampled_addmm|3407,B3:trdgl_pytorch_120_v1|torch.sparse.sampled_addmm|3407,diagnostic_checkpoint
torch.sparse.sampled_addmm,7711,True,True,True,B2:trdgl_pytorch_120_v1|torch.sparse.sampled_addmm|7711,B3:trdgl_pytorch_120_v1|torch.sparse.sampled_addmm|7711,diagnostic_checkpoint
torch.sparse.softmax,3407,True,True,True,B2:trdgl_pytorch_120_v1|torch.sparse.softmax|3407,B3:trdgl_pytorch_120_v1|torch.sparse.softmax|3407,diagnostic_checkpoint
torch.sparse.softmax,7711,True,True,True,B2:trdgl_pytorch_120_v1|torch.sparse.softmax|7711,B3:trdgl_pytorch_120_v1|torch.sparse.softmax|7711,diagnostic_checkpoint
torch.sparse.spdiags,3407,True,True,True,B2:trdgl_pytorch_120_v1|torch.sparse.spdiags|3407,B3:trdgl_pytorch_120_v1|torch.sparse.spdiags|3407,diagnostic_checkpoint
torch.sparse.spdiags,7711,True,True,True,B2:trdgl_pytorch_120_v1|torch.sparse.spdiags|7711,B3:trdgl_pytorch_120_v1|torch.sparse.spdiags|7711,diagnostic_checkpoint
torch.sparse.sum,3407,True,True,True,B2:trdgl_pytorch_120_v1|torch.sparse.sum|3407,B3:trdgl_pytorch_120_v1|torch.sparse.sum|3407,diagnostic_checkpoint
torch.sparse.sum,7711,True,True,True,B2:trdgl_pytorch_120_v1|torch.sparse.sum|7711,B3:trdgl_pytorch_120_v1|torch.sparse.sum|7711,diagnostic_checkpoint
torch.sparse_bsc_tensor,3407,True,True,True,B2:trdgl_pytorch_120_v1|torch.sparse_bsc_tensor|3407,B3:trdgl_pytorch_120_v1|torch.sparse_bsc_tensor|3407,diagnostic_checkpoint
torch.sparse_bsc_tensor,7711,True,True,True,B2:trdgl_pytorch_120_v1|torch.sparse_bsc_tensor|7711,B3:trdgl_pytorch_120_v1|torch.sparse_bsc_tensor|7711,diagnostic_checkpoint
torch.sparse_bsr_tensor,3407,True,True,True,B2:trdgl_pytorch_120_v1|torch.sparse_bsr_tensor|3407,B3:trdgl_pytorch_120_v1|torch.sparse_bsr_tensor|3407,diagnostic_checkpoint
torch.sparse_bsr_tensor,7711,True,True,True,B2:trdgl_pytorch_120_v1|torch.sparse_bsr_tensor|7711,B3:trdgl_pytorch_120_v1|torch.sparse_bsr_tensor|7711,diagnostic_checkpoint
torch.sparse_coo_tensor,3407,True,True,True,B2:trdgl_pytorch_120_v1|torch.sparse_coo_tensor|3407,B3:trdgl_pytorch_120_v1|torch.sparse_coo_tensor|3407,diagnostic_checkpoint
torch.sparse_coo_tensor,7711,True,True,True,B2:trdgl_pytorch_120_v1|torch.sparse_coo_tensor|7711,B3:trdgl_pytorch_120_v1|torch.sparse_coo_tensor|7711,diagnostic_checkpoint
torch.sparse_csc_tensor,3407,True,True,True,B2:trdgl_pytorch_120_v1|torch.sparse_csc_tensor|3407,B3:trdgl_pytorch_120_v1|torch.sparse_csc_tensor|3407,diagnostic_checkpoint
torch.sparse_csc_tensor,7711,True,True,True,B2:trdgl_pytorch_120_v1|torch.sparse_csc_tensor|7711,B3:trdgl_pytorch_120_v1|torch.sparse_csc_tensor|7711,diagnostic_checkpoint
torch.sparse_csr_tensor,3407,True,True,True,B2:trdgl_pytorch_120_v1|torch.sparse_csr_tensor|3407,B3:trdgl_pytorch_120_v1|torch.sparse_csr_tensor|3407,diagnostic_checkpoint
torch.sparse_csr_tensor,7711,True,True,True,B2:trdgl_pytorch_120_v1|torch.sparse_csr_tensor|7711,B3:trdgl_pytorch_120_v1|torch.sparse_csr_tensor|7711,diagnostic_checkpoint
torch.split,3407,True,True,True,B2:trdgl_pytorch_120_v1|torch.split|3407,B3:trdgl_pytorch_120_v1|torch.split|3407,diagnostic_checkpoint
torch.split,7711,True,True,True,B2:trdgl_pytorch_120_v1|torch.split|7711,B3:trdgl_pytorch_120_v1|torch.split|7711,diagnostic_checkpoint
torch.squeeze,3407,True,True,True,B2:trdgl_pytorch_120_v1|torch.squeeze|3407,B3:trdgl_pytorch_120_v1|torch.squeeze|3407,diagnostic_checkpoint
torch.squeeze,7711,True,True,True,B2:trdgl_pytorch_120_v1|torch.squeeze|7711,B3:trdgl_pytorch_120_v1|torch.squeeze|7711,diagnostic_checkpoint
torch.stack,3407,True,True,True,B2:trdgl_pytorch_120_v1|torch.stack|3407,B3:trdgl_pytorch_120_v1|torch.stack|3407,diagnostic_checkpoint
torch.stack,7711,True,True,True,B2:trdgl_pytorch_120_v1|torch.stack|7711,B3:trdgl_pytorch_120_v1|torch.stack|7711,diagnostic_checkpoint
torch.std,3407,True,True,True,B2:trdgl_pytorch_120_v1|torch.std|3407,B3:trdgl_pytorch_120_v1|torch.std|3407,diagnostic_checkpoint
torch.std,7711,True,True,True,B2:trdgl_pytorch_120_v1|torch.std|7711,B3:trdgl_pytorch_120_v1|torch.std|7711,diagnostic_checkpoint
torch.sum,3407,True,True,True,B2:trdgl_pytorch_120_v1|torch.sum|3407,B3:trdgl_pytorch_120_v1|torch.sum|3407,diagnostic_checkpoint
torch.sum,7711,True,True,True,B2:trdgl_pytorch_120_v1|torch.sum|7711,B3:trdgl_pytorch_120_v1|torch.sum|7711,diagnostic_checkpoint
torch.take,3407,True,True,True,B2:trdgl_pytorch_120_v1|torch.take|3407,B3:trdgl_pytorch_120_v1|torch.take|3407,diagnostic_checkpoint
torch.take,7711,True,True,True,B2:trdgl_pytorch_120_v1|torch.take|7711,B3:trdgl_pytorch_120_v1|torch.take|7711,diagnostic_checkpoint
torch.take_along_dim,3407,True,True,True,B2:trdgl_pytorch_120_v1|torch.take_along_dim|3407,B3:trdgl_pytorch_120_v1|torch.take_along_dim|3407,diagnostic_checkpoint
torch.take_along_dim,7711,True,True,True,B2:trdgl_pytorch_120_v1|torch.take_along_dim|7711,B3:trdgl_pytorch_120_v1|torch.take_along_dim|7711,diagnostic_checkpoint
torch.tensor,3407,True,True,True,B2:trdgl_pytorch_120_v1|torch.tensor|3407,B3:trdgl_pytorch_120_v1|torch.tensor|3407,diagnostic_checkpoint
torch.tensor,7711,True,True,True,B2:trdgl_pytorch_120_v1|torch.tensor|7711,B3:trdgl_pytorch_120_v1|torch.tensor|7711,diagnostic_checkpoint
torch.tile,3407,True,True,True,B2:trdgl_pytorch_120_v1|torch.tile|3407,B3:trdgl_pytorch_120_v1|torch.tile|3407,diagnostic_checkpoint
torch.tile,7711,True,True,True,B2:trdgl_pytorch_120_v1|torch.tile|7711,B3:trdgl_pytorch_120_v1|torch.tile|7711,diagnostic_checkpoint
torch.transpose,3407,True,True,True,B2:trdgl_pytorch_120_v1|torch.transpose|3407,B3:trdgl_pytorch_120_v1|torch.transpose|3407,diagnostic_checkpoint
torch.transpose,7711,True,True,True,B2:trdgl_pytorch_120_v1|torch.transpose|7711,B3:trdgl_pytorch_120_v1|torch.transpose|7711,diagnostic_checkpoint
torch.unsqueeze,3407,True,True,True,B2:trdgl_pytorch_120_v1|torch.unsqueeze|3407,B3:trdgl_pytorch_120_v1|torch.unsqueeze|3407,diagnostic_checkpoint
torch.unsqueeze,7711,True,True,True,B2:trdgl_pytorch_120_v1|torch.unsqueeze|7711,B3:trdgl_pytorch_120_v1|torch.unsqueeze|7711,diagnostic_checkpoint
torch.var,3407,True,True,True,B2:trdgl_pytorch_120_v1|torch.var|3407,B3:trdgl_pytorch_120_v1|torch.var|3407,diagnostic_checkpoint
torch.var,7711,True,True,True,B2:trdgl_pytorch_120_v1|torch.var|7711,B3:trdgl_pytorch_120_v1|torch.var|7711,diagnostic_checkpoint
torch.where,3407,True,True,True,B2:trdgl_pytorch_120_v1|torch.where|3407,B3:trdgl_pytorch_120_v1|torch.where|3407,diagnostic_checkpoint
torch.where,7711,True,True,True,B2:trdgl_pytorch_120_v1|torch.where|7711,B3:trdgl_pytorch_120_v1|torch.where|7711,diagnostic_checkpoint
torch.zeros,3407,True,True,True,B2:trdgl_pytorch_120_v1|torch.zeros|3407,B3:trdgl_pytorch_120_v1|torch.zeros|3407,diagnostic_checkpoint
torch.zeros,7711,True,True,True,B2:trdgl_pytorch_120_v1|torch.zeros|7711,B3:trdgl_pytorch_120_v1|torch.zeros|7711,diagnostic_checkpoint
